activity_comment,activity_id,activity_properties,assay_chembl_id,assay_description,assay_type,assay_variant_accession,assay_variant_mutation,bao_endpoint,bao_format,bao_label,canonical_smiles,data_validity_comment,data_validity_description,document_chembl_id,document_journal,document_year,ligand_efficiency,molecule_chembl_id,molecule_pref_name,parent_molecule_chembl_id,pchembl_value,potential_duplicate,qudt_units,record_id,relation,src_id,standard_flag,standard_relation,standard_text_value,standard_type,standard_units,standard_upper_value,standard_value,target_chembl_id,target_organism,target_pref_name,target_tax_id,text_value,toid,type,units,uo_units,upper_value,value
,18893658,[],CHEMBL4315144,Antiviral activity against MERS-CoV KOR/KNIH/002_05_2015 infected in African green monkey Vero cells expressing viral spike protein by immunofluorescence assay,F,,,BAO_0000190,BAO_0000218,organism-based format,CC(=O)c1c(NC(C)C)[nH]c2c(C(F)(F)F)cc(Cl)cc2c1=O,,,CHEMBL4311996,Bioorg Med Chem Lett,2019,,CHEMBL4471536,,CHEMBL4471536,6.11,False,http://www.openphacts.org/units/Nanomolar,3152357,=,1,True,=,,IC50,nM,,770.0,CHEMBL4296578,Middle East respiratory syndrome-related coronavirus,Middle East respiratory syndrome-related coronavirus,1335626,,,IC50,uM,UO_0000065,,0.77
,18893659,[],CHEMBL4315144,Antiviral activity against MERS-CoV KOR/KNIH/002_05_2015 infected in African green monkey Vero cells expressing viral spike protein by immunofluorescence assay,F,,,BAO_0000190,BAO_0000218,organism-based format,CC(=O)c1c(NC(C)C)[nH]c2c(C(C)C)cccc2c1=O,,,CHEMBL4311996,Bioorg Med Chem Lett,2019,,CHEMBL4472908,,CHEMBL4472908,,False,http://www.openphacts.org/units/Nanomolar,3152358,>,1,True,>,,IC50,nM,,25000.0,CHEMBL4296578,Middle East respiratory syndrome-related coronavirus,Middle East respiratory syndrome-related coronavirus,1335626,,,IC50,uM,UO_0000065,,25.0
,18893660,[],CHEMBL4315144,Antiviral activity against MERS-CoV KOR/KNIH/002_05_2015 infected in African green monkey Vero cells expressing viral spike protein by immunofluorescence assay,F,,,BAO_0000190,BAO_0000218,organism-based format,CC(=O)c1c(NC(C)C)[nH]c2c(C)cc(C)cc2c1=O,,,CHEMBL4311996,Bioorg Med Chem Lett,2019,,CHEMBL4580358,,CHEMBL4580358,,False,http://www.openphacts.org/units/Nanomolar,3152359,>,1,True,>,,IC50,nM,,25000.0,CHEMBL4296578,Middle East respiratory syndrome-related coronavirus,Middle East respiratory syndrome-related coronavirus,1335626,,,IC50,uM,UO_0000065,,25.0
,18893661,[],CHEMBL4315144,Antiviral activity against MERS-CoV KOR/KNIH/002_05_2015 infected in African green monkey Vero cells expressing viral spike protein by immunofluorescence assay,F,,,BAO_0000190,BAO_0000218,organism-based format,CC(C)Nc1[nH]c2c(C(F)(F)F)cc(Cl)cc2c(=O)c1C(=O)c1ccccc1,,,CHEMBL4311996,Bioorg Med Chem Lett,2019,,CHEMBL4531009,,CHEMBL4531009,,False,http://www.openphacts.org/units/Nanomolar,3152360,>,1,True,>,,IC50,nM,,25000.0,CHEMBL4296578,Middle East respiratory syndrome-related coronavirus,Middle East respiratory syndrome-related coronavirus,1335626,,,IC50,uM,UO_0000065,,25.0
,18893662,[],CHEMBL4315144,Antiviral activity against MERS-CoV KOR/KNIH/002_05_2015 infected in African green monkey Vero cells expressing viral spike protein by immunofluorescence assay,F,,,BAO_0000190,BAO_0000218,organism-based format,CC(=O)c1c(Nc2ccc(F)cc2F)[nH]c2c(C(F)(F)F)cc(Cl)cc2c1=O,,,CHEMBL4311996,Bioorg Med Chem Lett,2019,,CHEMBL4554138,,CHEMBL4554138,6.82,False,http://www.openphacts.org/units/Nanomolar,3152361,=,1,True,=,,IC50,nM,,150.0,CHEMBL4296578,Middle East respiratory syndrome-related coronavirus,Middle East respiratory syndrome-related coronavirus,1335626,,,IC50,uM,UO_0000065,,0.15
,18893663,[],CHEMBL4315144,Antiviral activity against MERS-CoV KOR/KNIH/002_05_2015 infected in African green monkey Vero cells expressing viral spike protein by immunofluorescence assay,F,,,BAO_0000190,BAO_0000218,organism-based format,CC(=O)c1c(Nc2ccc(F)cc2F)[nH]c2c(F)cc(Cl)cc2c1=O,,,CHEMBL4311996,Bioorg Med Chem Lett,2019,,CHEMBL4530008,,CHEMBL4530008,6.01,False,http://www.openphacts.org/units/Nanomolar,3152356,=,1,True,=,,IC50,nM,,980.0,CHEMBL4296578,Middle East respiratory syndrome-related coronavirus,Middle East respiratory syndrome-related coronavirus,1335626,,,IC50,uM,UO_0000065,,0.98
,18893664,[],CHEMBL4315144,Antiviral activity against MERS-CoV KOR/KNIH/002_05_2015 infected in African green monkey Vero cells expressing viral spike protein by immunofluorescence assay,F,,,BAO_0000190,BAO_0000218,organism-based format,CC(=O)c1c(Nc2ccc(F)cc2F)[nH]c2c([N+](=O)[O-])cc(Cl)cc2c1=O,,,CHEMBL4311996,Bioorg Med Chem Lett,2019,,CHEMBL4573119,,CHEMBL4573119,5.94,False,http://www.openphacts.org/units/Nanomolar,3152362,=,1,True,=,,IC50,nM,,1160.0,CHEMBL4296578,Middle East respiratory syndrome-related coronavirus,Middle East respiratory syndrome-related coronavirus,1335626,,,IC50,uM,UO_0000065,,1.16
,18893665,[],CHEMBL4315144,Antiviral activity against MERS-CoV KOR/KNIH/002_05_2015 infected in African green monkey Vero cells expressing viral spike protein by immunofluorescence assay,F,,,BAO_0000190,BAO_0000218,organism-based format,CC(=O)c1c(Nc2ccc(F)cc2F)[nH]c2c(F)cc(F)cc2c1=O,,,CHEMBL4311996,Bioorg Med Chem Lett,2019,,CHEMBL4554248,,CHEMBL4554248,5.97,False,http://www.openphacts.org/units/Nanomolar,3152363,=,1,True,=,,IC50,nM,,1060.0,CHEMBL4296578,Middle East respiratory syndrome-related coronavirus,Middle East respiratory syndrome-related coronavirus,1335626,,,IC50,uM,UO_0000065,,1.06
,18893666,[],CHEMBL4315144,Antiviral activity against MERS-CoV KOR/KNIH/002_05_2015 infected in African green monkey Vero cells expressing viral spike protein by immunofluorescence assay,F,,,BAO_0000190,BAO_0000218,organism-based format,CC(=O)c1c(Nc2ccc(F)cc2F)[nH]c2c(Cl)cc(Cl)c(Cl)c2c1=O,,,CHEMBL4311996,Bioorg Med Chem Lett,2019,,CHEMBL4565616,,CHEMBL4565616,6.54,False,http://www.openphacts.org/units/Nanomolar,3152364,=,1,True,=,,IC50,nM,,290.0,CHEMBL4296578,Middle East respiratory syndrome-related coronavirus,Middle East respiratory syndrome-related coronavirus,1335626,,,IC50,uM,UO_0000065,,0.29
,18893667,[],CHEMBL4315144,Antiviral activity against MERS-CoV KOR/KNIH/002_05_2015 infected in African green monkey Vero cells expressing viral spike protein by immunofluorescence assay,F,,,BAO_0000190,BAO_0000218,organism-based format,CC(=O)c1c(N2CCCCC2)[nH]c2c(F)cc(F)cc2c1=O,,,CHEMBL4311996,Bioorg Med Chem Lett,2019,,CHEMBL4460922,,CHEMBL4460922,,False,http://www.openphacts.org/units/Nanomolar,3152365,>,1,True,>,,IC50,nM,,25000.0,CHEMBL4296578,Middle East respiratory syndrome-related coronavirus,Middle East respiratory syndrome-related coronavirus,1335626,,,IC50,uM,UO_0000065,,25.0
,18893668,[],CHEMBL4315144,Antiviral activity against MERS-CoV KOR/KNIH/002_05_2015 infected in African green monkey Vero cells expressing viral spike protein by immunofluorescence assay,F,,,BAO_0000190,BAO_0000218,organism-based format,CC(=O)c1c(N2CCOCC2)[nH]c2c(F)cc(F)cc2c1=O,,,CHEMBL4311996,Bioorg Med Chem Lett,2019,,CHEMBL4469302,,CHEMBL4469302,,False,http://www.openphacts.org/units/Nanomolar,3152366,>,1,True,>,,IC50,nM,,25000.0,CHEMBL4296578,Middle East respiratory syndrome-related coronavirus,Middle East respiratory syndrome-related coronavirus,1335626,,,IC50,uM,UO_0000065,,25.0
,18893669,[],CHEMBL4315144,Antiviral activity against MERS-CoV KOR/KNIH/002_05_2015 infected in African green monkey Vero cells expressing viral spike protein by immunofluorescence assay,F,,,BAO_0000190,BAO_0000218,organism-based format,CCCCNc1[nH]c2c(F)cc(F)cc2c(=O)c1C(C)=O,,,CHEMBL4311996,Bioorg Med Chem Lett,2019,,CHEMBL4451470,,CHEMBL4451470,,False,http://www.openphacts.org/units/Nanomolar,3152367,>,1,True,>,,IC50,nM,,25000.0,CHEMBL4296578,Middle East respiratory syndrome-related coronavirus,Middle East respiratory syndrome-related coronavirus,1335626,,,IC50,uM,UO_0000065,,25.0
,18893670,[],CHEMBL4315144,Antiviral activity against MERS-CoV KOR/KNIH/002_05_2015 infected in African green monkey Vero cells expressing viral spike protein by immunofluorescence assay,F,,,BAO_0000190,BAO_0000218,organism-based format,CC(=O)c1c(OCc2ccc(Cl)c(Cl)c2)[nH]c2c(F)cc(F)cc2c1=O,,,CHEMBL4311996,Bioorg Med Chem Lett,2019,,CHEMBL4453755,,CHEMBL4453755,5.11,False,http://www.openphacts.org/units/Nanomolar,3152368,=,1,True,=,,IC50,nM,,7800.0,CHEMBL4296578,Middle East respiratory syndrome-related coronavirus,Middle East respiratory syndrome-related coronavirus,1335626,,,IC50,uM,UO_0000065,,7.8
,18893671,[],CHEMBL4315144,Antiviral activity against MERS-CoV KOR/KNIH/002_05_2015 infected in African green monkey Vero cells expressing viral spike protein by immunofluorescence assay,F,,,BAO_0000190,BAO_0000218,organism-based format,CC(=O)c1c(NCc2ccc(F)cc2F)[nH]c2c(F)cc(F)cc2c1=O,,,CHEMBL4311996,Bioorg Med Chem Lett,2019,,CHEMBL4548966,,CHEMBL4548966,5.23,False,http://www.openphacts.org/units/Nanomolar,3152369,=,1,True,=,,IC50,nM,,5900.0,CHEMBL4296578,Middle East respiratory syndrome-related coronavirus,Middle East respiratory syndrome-related coronavirus,1335626,,,IC50,uM,UO_0000065,,5.9
,18893672,[],CHEMBL4315144,Antiviral activity against MERS-CoV KOR/KNIH/002_05_2015 infected in African green monkey Vero cells expressing viral spike protein by immunofluorescence assay,F,,,BAO_0000190,BAO_0000218,organism-based format,CC(=O)c1c(NCc2ccc(F)cc2)[nH]c2c(F)cc(F)cc2c1=O,,,CHEMBL4311996,Bioorg Med Chem Lett,2019,,CHEMBL4452847,,CHEMBL4452847,4.75,False,http://www.openphacts.org/units/Nanomolar,3152370,=,1,True,=,,IC50,nM,,17600.0,CHEMBL4296578,Middle East respiratory syndrome-related coronavirus,Middle East respiratory syndrome-related coronavirus,1335626,,,IC50,uM,UO_0000065,,17.6
,18893673,[],CHEMBL4315144,Antiviral activity against MERS-CoV KOR/KNIH/002_05_2015 infected in African green monkey Vero cells expressing viral spike protein by immunofluorescence assay,F,,,BAO_0000190,BAO_0000218,organism-based format,COc1ccc(CNc2[nH]c3c(F)cc(F)cc3c(=O)c2C(C)=O)cc1,,,CHEMBL4311996,Bioorg Med Chem Lett,2019,,CHEMBL4578865,,CHEMBL4578865,,False,http://www.openphacts.org/units/Nanomolar,3152371,>,1,True,>,,IC50,nM,,25000.0,CHEMBL4296578,Middle East respiratory syndrome-related coronavirus,Middle East respiratory syndrome-related coronavirus,1335626,,,IC50,uM,UO_0000065,,25.0
,18893674,[],CHEMBL4315144,Antiviral activity against MERS-CoV KOR/KNIH/002_05_2015 infected in African green monkey Vero cells expressing viral spike protein by immunofluorescence assay,F,,,BAO_0000190,BAO_0000218,organism-based format,COc1cccc(Nc2[nH]c3c(F)cc(F)cc3c(=O)c2C(C)=O)c1,,,CHEMBL4311996,Bioorg Med Chem Lett,2019,,CHEMBL4561863,,CHEMBL4561863,,False,http://www.openphacts.org/units/Nanomolar,3152372,>,1,True,>,,IC50,nM,,25000.0,CHEMBL4296578,Middle East respiratory syndrome-related coronavirus,Middle East respiratory syndrome-related coronavirus,1335626,,,IC50,uM,UO_0000065,,25.0
,18893675,[],CHEMBL4315144,Antiviral activity against MERS-CoV KOR/KNIH/002_05_2015 infected in African green monkey Vero cells expressing viral spike protein by immunofluorescence assay,F,,,BAO_0000190,BAO_0000218,organism-based format,COc1ccc(Nc2[nH]c3c(F)cc(F)cc3c(=O)c2C(C)=O)cc1,,,CHEMBL4311996,Bioorg Med Chem Lett,2019,,CHEMBL4455226,,CHEMBL4455226,,False,http://www.openphacts.org/units/Nanomolar,3152373,>,1,True,>,,IC50,nM,,25000.0,CHEMBL4296578,Middle East respiratory syndrome-related coronavirus,Middle East respiratory syndrome-related coronavirus,1335626,,,IC50,uM,UO_0000065,,25.0
,18893676,[],CHEMBL4315144,Antiviral activity against MERS-CoV KOR/KNIH/002_05_2015 infected in African green monkey Vero cells expressing viral spike protein by immunofluorescence assay,F,,,BAO_0000190,BAO_0000218,organism-based format,CC(=O)c1c(Nc2ccc(Br)cc2)[nH]c2c(F)cc(F)cc2c1=O,,,CHEMBL4311996,Bioorg Med Chem Lett,2019,,CHEMBL4444279,,CHEMBL4444279,5.95,False,http://www.openphacts.org/units/Nanomolar,3152374,=,1,True,=,,IC50,nM,,1130.0,CHEMBL4296578,Middle East respiratory syndrome-related coronavirus,Middle East respiratory syndrome-related coronavirus,1335626,,,IC50,uM,UO_0000065,,1.13
,18893677,[],CHEMBL4315144,Antiviral activity against MERS-CoV KOR/KNIH/002_05_2015 infected in African green monkey Vero cells expressing viral spike protein by immunofluorescence assay,F,,,BAO_0000190,BAO_0000218,organism-based format,CC(=O)c1c(Nc2ccc(Cl)cc2)[nH]c2c(F)cc(F)cc2c1=O,,,CHEMBL4311996,Bioorg Med Chem Lett,2019,,CHEMBL4454132,,CHEMBL4454132,5.84,False,http://www.openphacts.org/units/Nanomolar,3152375,=,1,True,=,,IC50,nM,,1440.0,CHEMBL4296578,Middle East respiratory syndrome-related coronavirus,Middle East respiratory syndrome-related coronavirus,1335626,,,IC50,uM,UO_0000065,,1.44
,18893678,[],CHEMBL4315144,Antiviral activity against MERS-CoV KOR/KNIH/002_05_2015 infected in African green monkey Vero cells expressing viral spike protein by immunofluorescence assay,F,,,BAO_0000190,BAO_0000218,organism-based format,CC(=O)c1c(Nc2ccc(F)c(F)c2F)[nH]c2c(F)cc(F)cc2c1=O,,,CHEMBL4311996,Bioorg Med Chem Lett,2019,,CHEMBL4444752,,CHEMBL4444752,6.28,False,http://www.openphacts.org/units/Nanomolar,3152376,=,1,True,=,,IC50,nM,,530.0,CHEMBL4296578,Middle East respiratory syndrome-related coronavirus,Middle East respiratory syndrome-related coronavirus,1335626,,,IC50,uM,UO_0000065,,0.53
,18893679,[],CHEMBL4315144,Antiviral activity against MERS-CoV KOR/KNIH/002_05_2015 infected in African green monkey Vero cells expressing viral spike protein by immunofluorescence assay,F,,,BAO_0000190,BAO_0000218,organism-based format,CC(C)C(=O)c1c(Nc2ccc(F)c(F)c2F)[nH]c2c(F)cc(F)cc2c1=O,,,CHEMBL4311996,Bioorg Med Chem Lett,2019,,CHEMBL4526734,,CHEMBL4526734,7.07,False,http://www.openphacts.org/units/Nanomolar,3152377,=,1,True,=,,IC50,nM,,86.0,CHEMBL4296578,Middle East respiratory syndrome-related coronavirus,Middle East respiratory syndrome-related coronavirus,1335626,,,IC50,uM,UO_0000065,,0.086
,18893680,[],CHEMBL4315144,Antiviral activity against MERS-CoV KOR/KNIH/002_05_2015 infected in African green monkey Vero cells expressing viral spike protein by immunofluorescence assay,F,,,BAO_0000190,BAO_0000218,organism-based format,CC(C)C(=O)c1c(Nc2ccc(F)cc2F)[nH]c2c(F)cc(F)cc2c1=O,,,CHEMBL4311996,Bioorg Med Chem Lett,2019,,CHEMBL4463570,,CHEMBL4463570,6.10,False,http://www.openphacts.org/units/Nanomolar,3152378,=,1,True,=,,IC50,nM,,790.0,CHEMBL4296578,Middle East respiratory syndrome-related coronavirus,Middle East respiratory syndrome-related coronavirus,1335626,,,IC50,uM,UO_0000065,,0.79
,18893681,[],CHEMBL4315144,Antiviral activity against MERS-CoV KOR/KNIH/002_05_2015 infected in African green monkey Vero cells expressing viral spike protein by immunofluorescence assay,F,,,BAO_0000190,BAO_0000218,organism-based format,CC(C)C(=O)c1c(Nc2ccc(F)c(F)c2F)[nH]c2c(Cl)cc(Cl)c(Cl)c2c1=O,,,CHEMBL4311996,Bioorg Med Chem Lett,2019,,CHEMBL4572255,,CHEMBL4572255,7.00,False,http://www.openphacts.org/units/Nanomolar,3152379,=,1,True,=,,IC50,nM,,100.0,CHEMBL4296578,Middle East respiratory syndrome-related coronavirus,Middle East respiratory syndrome-related coronavirus,1335626,,,IC50,uM,UO_0000065,,0.1
,18893682,[],CHEMBL4315144,Antiviral activity against MERS-CoV KOR/KNIH/002_05_2015 infected in African green monkey Vero cells expressing viral spike protein by immunofluorescence assay,F,,,BAO_0000190,BAO_0000218,organism-based format,CC(C)C(=O)c1c(Nc2ccc(F)c(F)c2F)[nH]c2c(Cl)ccc(Cl)c2c1=O,,,CHEMBL4311996,Bioorg Med Chem Lett,2019,,CHEMBL4558866,,CHEMBL4558866,6.78,False,http://www.openphacts.org/units/Nanomolar,3152380,=,1,True,=,,IC50,nM,,166.0,CHEMBL4296578,Middle East respiratory syndrome-related coronavirus,Middle East respiratory syndrome-related coronavirus,1335626,,,IC50,uM,UO_0000065,,0.166
,18893683,[],CHEMBL4315144,Antiviral activity against MERS-CoV KOR/KNIH/002_05_2015 infected in African green monkey Vero cells expressing viral spike protein by immunofluorescence assay,F,,,BAO_0000190,BAO_0000218,organism-based format,CC(C)C(=O)c1c(Nc2ccc(F)cc2F)[nH]c2c(Cl)cc(Cl)c(Cl)c2c1=O,,,CHEMBL4311996,Bioorg Med Chem Lett,2019,,CHEMBL4459172,,CHEMBL4459172,6.89,False,http://www.openphacts.org/units/Nanomolar,3152381,=,1,True,=,,IC50,nM,,129.0,CHEMBL4296578,Middle East respiratory syndrome-related coronavirus,Middle East respiratory syndrome-related coronavirus,1335626,,,IC50,uM,UO_0000065,,0.129
,18893684,[],CHEMBL4315144,Antiviral activity against MERS-CoV KOR/KNIH/002_05_2015 infected in African green monkey Vero cells expressing viral spike protein by immunofluorescence assay,F,,,BAO_0000190,BAO_0000218,organism-based format,CC(C)C(=O)c1c(Nc2ccc(F)cc2F)[nH]c2c(C(F)(F)F)cc(Cl)cc2c1=O,,,CHEMBL4311996,Bioorg Med Chem Lett,2019,,CHEMBL4545243,,CHEMBL4545243,6.89,False,http://www.openphacts.org/units/Nanomolar,3152382,=,1,True,=,,IC50,nM,,130.0,CHEMBL4296578,Middle East respiratory syndrome-related coronavirus,Middle East respiratory syndrome-related coronavirus,1335626,,,IC50,uM,UO_0000065,,0.13
,22400694,"[{'comments': None, 'relation': '=', 'result_flag': 0, 'standard_relation': '=', 'standard_text_value': None, 'standard_type': 'TIME', 'standard_units': 'hr', 'standard_value': '24.0', 'text_value': None, 'type': 'Time', 'units': 'hrs', 'value': '24.0'}]",CHEMBL4669514,Antiviral activity against Middle East respiratory syndrome coronavirus MERS-CoV/KOR/KNIH/002_05_2015 infected in African green monkey Vero cells assessed as reduction in virus induced cytopathic effect after 24 hrs by immunofluorescence assay,F,,,BAO_0000179,BAO_0000218,organism-based format,CCCCN(CCCC)c1ccc2ncnc(Nc3ccc(F)c(Cl)c3)c2c1,,,CHEMBL4665738,Bioorg Med Chem Lett,2020,,CHEMBL4798318,,CHEMBL4798318,,False,,3509322,>,1,True,>,,IC50,nM,,25000.0,CHEMBL4296578,Middle East respiratory syndrome-related coronavirus,Middle East respiratory syndrome-related coronavirus,1335626,,,IC50,uM,,,25.0
,22400695,"[{'comments': None, 'relation': '=', 'result_flag': 0, 'standard_relation': '=', 'standard_text_value': None, 'standard_type': 'TIME', 'standard_units': 'hr', 'standard_value': '24.0', 'text_value': None, 'type': 'Time', 'units': 'hrs', 'value': '24.0'}]",CHEMBL4669514,Antiviral activity against Middle East respiratory syndrome coronavirus MERS-CoV/KOR/KNIH/002_05_2015 infected in African green monkey Vero cells assessed as reduction in virus induced cytopathic effect after 24 hrs by immunofluorescence assay,F,,,BAO_0000179,BAO_0000218,organism-based format,Fc1ccc(Nc2ncnc3ccc(NCc4cccc(C(F)(F)F)c4)cc23)cc1Cl,,,CHEMBL4665738,Bioorg Med Chem Lett,2020,,CHEMBL4777165,,CHEMBL4777165,5.64,False,,3509321,=,1,True,=,,IC50,nM,,2300.0,CHEMBL4296578,Middle East respiratory syndrome-related coronavirus,Middle East respiratory syndrome-related coronavirus,1335626,,,IC50,uM,,,2.3
,22400696,"[{'comments': None, 'relation': '=', 'result_flag': 0, 'standard_relation': '=', 'standard_text_value': None, 'standard_type': 'TIME', 'standard_units': 'hr', 'standard_value': '24.0', 'text_value': None, 'type': 'Time', 'units': 'hrs', 'value': '24.0'}]",CHEMBL4669514,Antiviral activity against Middle East respiratory syndrome coronavirus MERS-CoV/KOR/KNIH/002_05_2015 infected in African green monkey Vero cells assessed as reduction in virus induced cytopathic effect after 24 hrs by immunofluorescence assay,F,,,BAO_0000179,BAO_0000218,organism-based format,NC(=O)c1cccc(CNc2ccc3ncnc(Nc4ccc(F)c(Cl)c4)c3c2)c1,,,CHEMBL4665738,Bioorg Med Chem Lett,2020,,CHEMBL4784569,,CHEMBL4784569,,False,,3509320,>,1,True,>,,IC50,nM,,25000.0,CHEMBL4296578,Middle East respiratory syndrome-related coronavirus,Middle East respiratory syndrome-related coronavirus,1335626,,,IC50,uM,,,25.0
,22400697,"[{'comments': None, 'relation': '=', 'result_flag': 0, 'standard_relation': '=', 'standard_text_value': None, 'standard_type': 'TIME', 'standard_units': 'hr', 'standard_value': '24.0', 'text_value': None, 'type': 'Time', 'units': 'hrs', 'value': '24.0'}]",CHEMBL4669514,Antiviral activity against Middle East respiratory syndrome coronavirus MERS-CoV/KOR/KNIH/002_05_2015 infected in African green monkey Vero cells assessed as reduction in virus induced cytopathic effect after 24 hrs by immunofluorescence assay,F,,,BAO_0000179,BAO_0000218,organism-based format,N#Cc1ccc(CNc2ccc3ncnc(Nc4ccc(F)c(Cl)c4)c3c2)cc1,,,CHEMBL4665738,Bioorg Med Chem Lett,2020,,CHEMBL4787535,,CHEMBL4787535,5.32,False,,3509319,=,1,True,=,,IC50,nM,,4800.0,CHEMBL4296578,Middle East respiratory syndrome-related coronavirus,Middle East respiratory syndrome-related coronavirus,1335626,,,IC50,uM,,,4.8
,22400698,"[{'comments': None, 'relation': '=', 'result_flag': 0, 'standard_relation': '=', 'standard_text_value': None, 'standard_type': 'TIME', 'standard_units': 'hr', 'standard_value': '24.0', 'text_value': None, 'type': 'Time', 'units': 'hrs', 'value': '24.0'}]",CHEMBL4669514,Antiviral activity against Middle East respiratory syndrome coronavirus MERS-CoV/KOR/KNIH/002_05_2015 infected in African green monkey Vero cells assessed as reduction in virus induced cytopathic effect after 24 hrs by immunofluorescence assay,F,,,BAO_0000179,BAO_0000218,organism-based format,N#Cc1cccc(C(=O)Nc2ccc3ncnc(Nc4ccc(F)c(Cl)c4)c3c2)c1,,,CHEMBL4665738,Bioorg Med Chem Lett,2020,,CHEMBL4779105,,CHEMBL4779105,,False,,3509325,>,1,True,>,,IC50,nM,,25000.0,CHEMBL4296578,Middle East respiratory syndrome-related coronavirus,Middle East respiratory syndrome-related coronavirus,1335626,,,IC50,uM,,,25.0
,22400699,"[{'comments': None, 'relation': '=', 'result_flag': 0, 'standard_relation': '=', 'standard_text_value': None, 'standard_type': 'TIME', 'standard_units': 'hr', 'standard_value': '24.0', 'text_value': None, 'type': 'Time', 'units': 'hrs', 'value': '24.0'}]",CHEMBL4669514,Antiviral activity against Middle East respiratory syndrome coronavirus MERS-CoV/KOR/KNIH/002_05_2015 infected in African green monkey Vero cells assessed as reduction in virus induced cytopathic effect after 24 hrs by immunofluorescence assay,F,,,BAO_0000179,BAO_0000218,organism-based format,CC(=O)Nc1ccc2ncnc(Nc3ccc(F)c(Cl)c3)c2c1,,,CHEMBL4665738,Bioorg Med Chem Lett,2020,,CHEMBL3814257,,CHEMBL3814257,,False,,3509324,>,1,True,>,,IC50,nM,,25000.0,CHEMBL4296578,Middle East respiratory syndrome-related coronavirus,Middle East respiratory syndrome-related coronavirus,1335626,,,IC50,uM,,,25.0
,22400700,"[{'comments': None, 'relation': '=', 'result_flag': 0, 'standard_relation': '=', 'standard_text_value': None, 'standard_type': 'TIME', 'standard_units': 'hr', 'standard_value': '24.0', 'text_value': None, 'type': 'Time', 'units': 'hrs', 'value': '24.0'}]",CHEMBL4669514,Antiviral activity against Middle East respiratory syndrome coronavirus MERS-CoV/KOR/KNIH/002_05_2015 infected in African green monkey Vero cells assessed as reduction in virus induced cytopathic effect after 24 hrs by immunofluorescence assay,F,,,BAO_0000179,BAO_0000218,organism-based format,Fc1ccc(Nc2ncnc3ccc(NC4CCCCC4)cc23)cc1Cl,,,CHEMBL4665738,Bioorg Med Chem Lett,2020,,CHEMBL4744542,,CHEMBL4744542,4.82,False,,3509323,=,1,True,=,,IC50,nM,,15000.0,CHEMBL4296578,Middle East respiratory syndrome-related coronavirus,Middle East respiratory syndrome-related coronavirus,1335626,,,IC50,uM,,,15.0
,22400701,"[{'comments': None, 'relation': '=', 'result_flag': 0, 'standard_relation': '=', 'standard_text_value': None, 'standard_type': 'TIME', 'standard_units': 'hr', 'standard_value': '24.0', 'text_value': None, 'type': 'Time', 'units': 'hrs', 'value': '24.0'}]",CHEMBL4669514,Antiviral activity against Middle East respiratory syndrome coronavirus MERS-CoV/KOR/KNIH/002_05_2015 infected in African green monkey Vero cells assessed as reduction in virus induced cytopathic effect after 24 hrs by immunofluorescence assay,F,,,BAO_0000179,BAO_0000218,organism-based format,Fc1ccc(CNc2ccc3ncnc(Nc4ccc(F)c(Cl)c4)c3c2)cc1,,,CHEMBL4665738,Bioorg Med Chem Lett,2020,,CHEMBL4752901,,CHEMBL4752901,5.34,False,,3509313,=,1,True,=,,IC50,nM,,4600.0,CHEMBL4296578,Middle East respiratory syndrome-related coronavirus,Middle East respiratory syndrome-related coronavirus,1335626,,,IC50,uM,,,4.6
,22400702,"[{'comments': None, 'relation': '=', 'result_flag': 0, 'standard_relation': '=', 'standard_text_value': None, 'standard_type': 'TIME', 'standard_units': 'hr', 'standard_value': '24.0', 'text_value': None, 'type': 'Time', 'units': 'hrs', 'value': '24.0'}]",CHEMBL4669514,Antiviral activity against Middle East respiratory syndrome coronavirus MERS-CoV/KOR/KNIH/002_05_2015 infected in African green monkey Vero cells assessed as reduction in virus induced cytopathic effect after 24 hrs by immunofluorescence assay,F,,,BAO_0000179,BAO_0000218,organism-based format,COc1ccccc1CNc1ccc2ncnc(Nc3ccc(F)c(Cl)c3)c2c1,,,CHEMBL4665738,Bioorg Med Chem Lett,2020,,CHEMBL4778734,,CHEMBL4778734,5.42,False,,3509310,=,1,True,=,,IC50,nM,,3800.0,CHEMBL4296578,Middle East respiratory syndrome-related coronavirus,Middle East respiratory syndrome-related coronavirus,1335626,,,IC50,uM,,,3.8
,22400703,"[{'comments': None, 'relation': '=', 'result_flag': 0, 'standard_relation': '=', 'standard_text_value': None, 'standard_type': 'TIME', 'standard_units': 'hr', 'standard_value': '24.0', 'text_value': None, 'type': 'Time', 'units': 'hrs', 'value': '24.0'}]",CHEMBL4669514,Antiviral activity against Middle East respiratory syndrome coronavirus MERS-CoV/KOR/KNIH/002_05_2015 infected in African green monkey Vero cells assessed as reduction in virus induced cytopathic effect after 24 hrs by immunofluorescence assay,F,,,BAO_0000179,BAO_0000218,organism-based format,Fc1ccc(CNc2ccc3ncnc(Nc4ccc(F)c(Cl)c4)c3c2)cc1F,,,CHEMBL4665738,Bioorg Med Chem Lett,2020,,CHEMBL4759350,,CHEMBL4759350,5.34,False,,3509312,=,1,True,=,,IC50,nM,,4600.0,CHEMBL4296578,Middle East respiratory syndrome-related coronavirus,Middle East respiratory syndrome-related coronavirus,1335626,,,IC50,uM,,,4.6
,22400704,"[{'comments': None, 'relation': '=', 'result_flag': 0, 'standard_relation': '=', 'standard_text_value': None, 'standard_type': 'TIME', 'standard_units': 'hr', 'standard_value': '24.0', 'text_value': None, 'type': 'Time', 'units': 'hrs', 'value': '24.0'}]",CHEMBL4669514,Antiviral activity against Middle East respiratory syndrome coronavirus MERS-CoV/KOR/KNIH/002_05_2015 infected in African green monkey Vero cells assessed as reduction in virus induced cytopathic effect after 24 hrs by immunofluorescence assay,F,,,BAO_0000179,BAO_0000218,organism-based format,COc1cccc(CNc2ccc3ncnc(Nc4ccc(C(F)(F)F)cc4)c3c2)c1,,,CHEMBL4665738,Bioorg Med Chem Lett,2020,,CHEMBL4785037,,CHEMBL4785037,5.75,False,,3509309,=,1,True,=,,IC50,nM,,1800.0,CHEMBL4296578,Middle East respiratory syndrome-related coronavirus,Middle East respiratory syndrome-related coronavirus,1335626,,,IC50,uM,,,1.8
,22400705,"[{'comments': None, 'relation': '=', 'result_flag': 0, 'standard_relation': '=', 'standard_text_value': None, 'standard_type': 'TIME', 'standard_units': 'hr', 'standard_value': '24.0', 'text_value': None, 'type': 'Time', 'units': 'hrs', 'value': '24.0'}]",CHEMBL4669514,Antiviral activity against Middle East respiratory syndrome coronavirus MERS-CoV/KOR/KNIH/002_05_2015 infected in African green monkey Vero cells assessed as reduction in virus induced cytopathic effect after 24 hrs by immunofluorescence assay,F,,,BAO_0000179,BAO_0000218,organism-based format,Oc1ccccc1CNc1ccc2ncnc(Nc3ccc(F)c(Cl)c3)c2c1,,,CHEMBL4665738,Bioorg Med Chem Lett,2020,,CHEMBL4763374,,CHEMBL4763374,5.44,False,,3509311,=,1,True,=,,IC50,nM,,3600.0,CHEMBL4296578,Middle East respiratory syndrome-related coronavirus,Middle East respiratory syndrome-related coronavirus,1335626,,,IC50,uM,,,3.6
,22400706,"[{'comments': None, 'relation': '=', 'result_flag': 0, 'standard_relation': '=', 'standard_text_value': None, 'standard_type': 'TIME', 'standard_units': 'hr', 'standard_value': '24.0', 'text_value': None, 'type': 'Time', 'units': 'hrs', 'value': '24.0'}]",CHEMBL4669514,Antiviral activity against Middle East respiratory syndrome coronavirus MERS-CoV/KOR/KNIH/002_05_2015 infected in African green monkey Vero cells assessed as reduction in virus induced cytopathic effect after 24 hrs by immunofluorescence assay,F,,,BAO_0000179,BAO_0000218,organism-based format,COc1cccc(CNc2ccc3ncnc(Nc4cccc(C(C)=O)c4)c3c2)c1,,,CHEMBL4665738,Bioorg Med Chem Lett,2020,,CHEMBL4755225,,CHEMBL4755225,,False,,3509308,>,1,True,>,,IC50,nM,,25000.0,CHEMBL4296578,Middle East respiratory syndrome-related coronavirus,Middle East respiratory syndrome-related coronavirus,1335626,,,IC50,uM,,,25.0
,22400707,"[{'comments': None, 'relation': '=', 'result_flag': 0, 'standard_relation': '=', 'standard_text_value': None, 'standard_type': 'TIME', 'standard_units': 'hr', 'standard_value': '24.0', 'text_value': None, 'type': 'Time', 'units': 'hrs', 'value': '24.0'}]",CHEMBL4669514,Antiviral activity against Middle East respiratory syndrome coronavirus MERS-CoV/KOR/KNIH/002_05_2015 infected in African green monkey Vero cells assessed as reduction in virus induced cytopathic effect after 24 hrs by immunofluorescence assay,F,,,BAO_0000179,BAO_0000218,organism-based format,COc1cccc(CNc2ccc3ncnc(Nc4ccc(C#N)cc4)c3c2)c1,,,CHEMBL4665738,Bioorg Med Chem Lett,2020,,CHEMBL4743746,,CHEMBL4743746,,False,,3509307,>,1,True,>,,IC50,nM,,25000.0,CHEMBL4296578,Middle East respiratory syndrome-related coronavirus,Middle East respiratory syndrome-related coronavirus,1335626,,,IC50,uM,,,25.0
,22400708,"[{'comments': None, 'relation': '=', 'result_flag': 0, 'standard_relation': '=', 'standard_text_value': None, 'standard_type': 'TIME', 'standard_units': 'hr', 'standard_value': '24.0', 'text_value': None, 'type': 'Time', 'units': 'hrs', 'value': '24.0'}]",CHEMBL4669514,Antiviral activity against Middle East respiratory syndrome coronavirus MERS-CoV/KOR/KNIH/002_05_2015 infected in African green monkey Vero cells assessed as reduction in virus induced cytopathic effect after 24 hrs by immunofluorescence assay,F,,,BAO_0000179,BAO_0000218,organism-based format,COc1cccc(CNc2ccc3ncnc(Nc4ccc(Br)cc4)c3c2)c1,,,CHEMBL4665738,Bioorg Med Chem Lett,2020,,CHEMBL4787576,,CHEMBL4787576,5.13,False,,3509304,=,1,True,=,,IC50,nM,,7400.0,CHEMBL4296578,Middle East respiratory syndrome-related coronavirus,Middle East respiratory syndrome-related coronavirus,1335626,,,IC50,uM,,,7.4
,22400709,"[{'comments': None, 'relation': '=', 'result_flag': 0, 'standard_relation': '=', 'standard_text_value': None, 'standard_type': 'TIME', 'standard_units': 'hr', 'standard_value': '24.0', 'text_value': None, 'type': 'Time', 'units': 'hrs', 'value': '24.0'}]",CHEMBL4669514,Antiviral activity against Middle East respiratory syndrome coronavirus MERS-CoV/KOR/KNIH/002_05_2015 infected in African green monkey Vero cells assessed as reduction in virus induced cytopathic effect after 24 hrs by immunofluorescence assay,F,,,BAO_0000179,BAO_0000218,organism-based format,COc1cccc(CNc2ccc3ncnc(Nc4ccc(F)cc4)c3c2)c1,,,CHEMBL4665738,Bioorg Med Chem Lett,2020,,CHEMBL4749703,,CHEMBL4749703,4.64,False,,3509305,=,1,True,=,,IC50,nM,,22700.0,CHEMBL4296578,Middle East respiratory syndrome-related coronavirus,Middle East respiratory syndrome-related coronavirus,1335626,,,IC50,uM,,,22.7
,22400710,"[{'comments': None, 'relation': '=', 'result_flag': 0, 'standard_relation': '=', 'standard_text_value': None, 'standard_type': 'TIME', 'standard_units': 'hr', 'standard_value': '24.0', 'text_value': None, 'type': 'Time', 'units': 'hrs', 'value': '24.0'}]",CHEMBL4669514,Antiviral activity against Middle East respiratory syndrome coronavirus MERS-CoV/KOR/KNIH/002_05_2015 infected in African green monkey Vero cells assessed as reduction in virus induced cytopathic effect after 24 hrs by immunofluorescence assay,F,,,BAO_0000179,BAO_0000218,organism-based format,COc1cccc(CNc2ccc3ncnc(Nc4cccc(Cl)c4)c3c2)c1,,,CHEMBL4665738,Bioorg Med Chem Lett,2020,,CHEMBL4781730,,CHEMBL4781730,,False,,3509306,>,1,True,>,,IC50,nM,,25000.0,CHEMBL4296578,Middle East respiratory syndrome-related coronavirus,Middle East respiratory syndrome-related coronavirus,1335626,,,IC50,uM,,,25.0
,22400711,"[{'comments': None, 'relation': '=', 'result_flag': 0, 'standard_relation': '=', 'standard_text_value': None, 'standard_type': 'TIME', 'standard_units': 'hr', 'standard_value': '24.0', 'text_value': None, 'type': 'Time', 'units': 'hrs', 'value': '24.0'}]",CHEMBL4669514,Antiviral activity against Middle East respiratory syndrome coronavirus MERS-CoV/KOR/KNIH/002_05_2015 infected in African green monkey Vero cells assessed as reduction in virus induced cytopathic effect after 24 hrs by immunofluorescence assay,F,,,BAO_0000179,BAO_0000218,organism-based format,COc1cccc(CNc2ccc3ncnc(Nc4ccc(F)c(Cl)c4)c3c2)c1,,,CHEMBL4665738,Bioorg Med Chem Lett,2020,,CHEMBL4741552,,CHEMBL4741552,5.25,False,,3509303,=,1,True,=,,IC50,nM,,5600.0,CHEMBL4296578,Middle East respiratory syndrome-related coronavirus,Middle East respiratory syndrome-related coronavirus,1335626,,,IC50,uM,,,5.6
,22400712,"[{'comments': None, 'relation': '=', 'result_flag': 0, 'standard_relation': '=', 'standard_text_value': None, 'standard_type': 'TIME', 'standard_units': 'hr', 'standard_value': '24.0', 'text_value': None, 'type': 'Time', 'units': 'hrs', 'value': '24.0'}]",CHEMBL4669514,Antiviral activity against Middle East respiratory syndrome coronavirus MERS-CoV/KOR/KNIH/002_05_2015 infected in African green monkey Vero cells assessed as reduction in virus induced cytopathic effect after 24 hrs by immunofluorescence assay,F,,,BAO_0000179,BAO_0000218,organism-based format,N#Cc1cccc(CNc2ccc3ncnc(Nc4ccc(F)c(Cl)c4)c3c2)c1,,,CHEMBL4665738,Bioorg Med Chem Lett,2020,,CHEMBL4781940,,CHEMBL4781940,6.80,False,,3509318,=,1,True,=,,IC50,nM,,157.0,CHEMBL4296578,Middle East respiratory syndrome-related coronavirus,Middle East respiratory syndrome-related coronavirus,1335626,,,IC50,uM,,,0.157
,22400713,"[{'comments': None, 'relation': '=', 'result_flag': 0, 'standard_relation': '=', 'standard_text_value': None, 'standard_type': 'TIME', 'standard_units': 'hr', 'standard_value': '24.0', 'text_value': None, 'type': 'Time', 'units': 'hrs', 'value': '24.0'}]",CHEMBL4669514,Antiviral activity against Middle East respiratory syndrome coronavirus MERS-CoV/KOR/KNIH/002_05_2015 infected in African green monkey Vero cells assessed as reduction in virus induced cytopathic effect after 24 hrs by immunofluorescence assay,F,,,BAO_0000179,BAO_0000218,organism-based format,N#Cc1ccccc1CNc1ccc2ncnc(Nc3ccc(F)c(Cl)c3)c2c1,,,CHEMBL4665738,Bioorg Med Chem Lett,2020,,CHEMBL4792429,,CHEMBL4792429,,False,,3509317,>,1,True,>,,IC50,nM,,25000.0,CHEMBL4296578,Middle East respiratory syndrome-related coronavirus,Middle East respiratory syndrome-related coronavirus,1335626,,,IC50,uM,,,25.0
,22400714,"[{'comments': None, 'relation': '=', 'result_flag': 0, 'standard_relation': '=', 'standard_text_value': None, 'standard_type': 'TIME', 'standard_units': 'hr', 'standard_value': '24.0', 'text_value': None, 'type': 'Time', 'units': 'hrs', 'value': '24.0'}]",CHEMBL4669514,Antiviral activity against Middle East respiratory syndrome coronavirus MERS-CoV/KOR/KNIH/002_05_2015 infected in African green monkey Vero cells assessed as reduction in virus induced cytopathic effect after 24 hrs by immunofluorescence assay,F,,,BAO_0000179,BAO_0000218,organism-based format,O=[N+]([O-])c1ccc(CNc2ccc3ncnc(Nc4ccc(F)c(Cl)c4)c3c2)cc1,,,CHEMBL4665738,Bioorg Med Chem Lett,2020,,CHEMBL4779153,,CHEMBL4779153,5.57,False,,3509316,=,1,True,=,,IC50,nM,,2700.0,CHEMBL4296578,Middle East respiratory syndrome-related coronavirus,Middle East respiratory syndrome-related coronavirus,1335626,,,IC50,uM,,,2.7
,22400715,"[{'comments': None, 'relation': '=', 'result_flag': 0, 'standard_relation': '=', 'standard_text_value': None, 'standard_type': 'TIME', 'standard_units': 'hr', 'standard_value': '24.0', 'text_value': None, 'type': 'Time', 'units': 'hrs', 'value': '24.0'}]",CHEMBL4669514,Antiviral activity against Middle East respiratory syndrome coronavirus MERS-CoV/KOR/KNIH/002_05_2015 infected in African green monkey Vero cells assessed as reduction in virus induced cytopathic effect after 24 hrs by immunofluorescence assay,F,,,BAO_0000179,BAO_0000218,organism-based format,O=[N+]([O-])c1cccc(CNc2ccc3ncnc(Nc4ccc(F)c(Cl)c4)c3c2)c1,,,CHEMBL4665738,Bioorg Med Chem Lett,2020,,CHEMBL4757944,,CHEMBL4757944,5.21,False,,3509315,=,1,True,=,,IC50,nM,,6100.0,CHEMBL4296578,Middle East respiratory syndrome-related coronavirus,Middle East respiratory syndrome-related coronavirus,1335626,,,IC50,uM,,,6.1
,22400716,"[{'comments': None, 'relation': '=', 'result_flag': 0, 'standard_relation': '=', 'standard_text_value': None, 'standard_type': 'TIME', 'standard_units': 'hr', 'standard_value': '24.0', 'text_value': None, 'type': 'Time', 'units': 'hrs', 'value': '24.0'}]",CHEMBL4669514,Antiviral activity against Middle East respiratory syndrome coronavirus MERS-CoV/KOR/KNIH/002_05_2015 infected in African green monkey Vero cells assessed as reduction in virus induced cytopathic effect after 24 hrs by immunofluorescence assay,F,,,BAO_0000179,BAO_0000218,organism-based format,O=[N+]([O-])c1ccccc1CNc1ccc2ncnc(Nc3ccc(F)c(Cl)c3)c2c1,,,CHEMBL4665738,Bioorg Med Chem Lett,2020,,CHEMBL4779561,,CHEMBL4779561,5.48,False,,3509314,=,1,True,=,,IC50,nM,,3300.0,CHEMBL4296578,Middle East respiratory syndrome-related coronavirus,Middle East respiratory syndrome-related coronavirus,1335626,,,IC50,uM,,,3.3
,22400717,"[{'comments': None, 'relation': '=', 'result_flag': 0, 'standard_relation': '=', 'standard_text_value': None, 'standard_type': 'TIME', 'standard_units': 'hr', 'standard_value': '24.0', 'text_value': None, 'type': 'Time', 'units': 'hrs', 'value': '24.0'}]",CHEMBL4669514,Antiviral activity against Middle East respiratory syndrome coronavirus MERS-CoV/KOR/KNIH/002_05_2015 infected in African green monkey Vero cells assessed as reduction in virus induced cytopathic effect after 24 hrs by immunofluorescence assay,F,,,BAO_0000179,BAO_0000218,organism-based format,O=[N+]([O-])c1ccc(CNc2ccc3ncnc(Nc4ccc(C(F)(F)F)cc4)c3c2)cc1,,,CHEMBL4665738,Bioorg Med Chem Lett,2020,,CHEMBL4781505,,CHEMBL4781505,5.48,False,,3509333,=,1,True,=,,IC50,nM,,3300.0,CHEMBL4296578,Middle East respiratory syndrome-related coronavirus,Middle East respiratory syndrome-related coronavirus,1335626,,,IC50,uM,,,3.3
,22400718,"[{'comments': None, 'relation': '=', 'result_flag': 0, 'standard_relation': '=', 'standard_text_value': None, 'standard_type': 'TIME', 'standard_units': 'hr', 'standard_value': '24.0', 'text_value': None, 'type': 'Time', 'units': 'hrs', 'value': '24.0'}]",CHEMBL4669514,Antiviral activity against Middle East respiratory syndrome coronavirus MERS-CoV/KOR/KNIH/002_05_2015 infected in African green monkey Vero cells assessed as reduction in virus induced cytopathic effect after 24 hrs by immunofluorescence assay,F,,,BAO_0000179,BAO_0000218,organism-based format,O=[N+]([O-])c1cccc(CNc2ccc3ncnc(Nc4ccc(C(F)(F)F)cc4)c3c2)c1,,,CHEMBL4665738,Bioorg Med Chem Lett,2020,,CHEMBL4761869,,CHEMBL4761869,5.43,False,,3509332,=,1,True,=,,IC50,nM,,3700.0,CHEMBL4296578,Middle East respiratory syndrome-related coronavirus,Middle East respiratory syndrome-related coronavirus,1335626,,,IC50,uM,,,3.7
,22400719,"[{'comments': None, 'relation': '=', 'result_flag': 0, 'standard_relation': '=', 'standard_text_value': None, 'standard_type': 'TIME', 'standard_units': 'hr', 'standard_value': '24.0', 'text_value': None, 'type': 'Time', 'units': 'hrs', 'value': '24.0'}]",CHEMBL4669514,Antiviral activity against Middle East respiratory syndrome coronavirus MERS-CoV/KOR/KNIH/002_05_2015 infected in African green monkey Vero cells assessed as reduction in virus induced cytopathic effect after 24 hrs by immunofluorescence assay,F,,,BAO_0000179,BAO_0000218,organism-based format,N#Cc1ccccc1CNc1ccc2ncnc(Nc3ccc(C(F)(F)F)cc3)c2c1,,,CHEMBL4665738,Bioorg Med Chem Lett,2020,,CHEMBL4783296,,CHEMBL4783296,,False,,3509329,>,1,True,>,,IC50,nM,,25000.0,CHEMBL4296578,Middle East respiratory syndrome-related coronavirus,Middle East respiratory syndrome-related coronavirus,1335626,,,IC50,uM,,,25.0
,22400720,"[{'comments': None, 'relation': '=', 'result_flag': 0, 'standard_relation': '=', 'standard_text_value': None, 'standard_type': 'TIME', 'standard_units': 'hr', 'standard_value': '24.0', 'text_value': None, 'type': 'Time', 'units': 'hrs', 'value': '24.0'}]",CHEMBL4669514,Antiviral activity against Middle East respiratory syndrome coronavirus MERS-CoV/KOR/KNIH/002_05_2015 infected in African green monkey Vero cells assessed as reduction in virus induced cytopathic effect after 24 hrs by immunofluorescence assay,F,,,BAO_0000179,BAO_0000218,organism-based format,N#Cc1cccc(CNc2ccc3ncnc(Nc4ccc(C(F)(F)F)cc4)c3c2)c1,,,CHEMBL4665738,Bioorg Med Chem Lett,2020,,CHEMBL4762931,,CHEMBL4762931,5.44,False,,3509330,=,1,True,=,,IC50,nM,,3600.0,CHEMBL4296578,Middle East respiratory syndrome-related coronavirus,Middle East respiratory syndrome-related coronavirus,1335626,,,IC50,uM,,,3.6
,22400721,"[{'comments': None, 'relation': '=', 'result_flag': 0, 'standard_relation': '=', 'standard_text_value': None, 'standard_type': 'TIME', 'standard_units': 'hr', 'standard_value': '24.0', 'text_value': None, 'type': 'Time', 'units': 'hrs', 'value': '24.0'}]",CHEMBL4669514,Antiviral activity against Middle East respiratory syndrome coronavirus MERS-CoV/KOR/KNIH/002_05_2015 infected in African green monkey Vero cells assessed as reduction in virus induced cytopathic effect after 24 hrs by immunofluorescence assay,F,,,BAO_0000179,BAO_0000218,organism-based format,N#Cc1ccc(CNc2ccc3ncnc(Nc4ccc(C(F)(F)F)cc4)c3c2)cc1,,,CHEMBL4665738,Bioorg Med Chem Lett,2020,,CHEMBL4779802,,CHEMBL4779802,5.39,False,,3509331,=,1,True,=,,IC50,nM,,4100.0,CHEMBL4296578,Middle East respiratory syndrome-related coronavirus,Middle East respiratory syndrome-related coronavirus,1335626,,,IC50,uM,,,4.1
,22400722,"[{'comments': None, 'relation': '=', 'result_flag': 0, 'standard_relation': '=', 'standard_text_value': None, 'standard_type': 'TIME', 'standard_units': 'hr', 'standard_value': '24.0', 'text_value': None, 'type': 'Time', 'units': 'hrs', 'value': '24.0'}]",CHEMBL4669514,Antiviral activity against Middle East respiratory syndrome coronavirus MERS-CoV/KOR/KNIH/002_05_2015 infected in African green monkey Vero cells assessed as reduction in virus induced cytopathic effect after 24 hrs by immunofluorescence assay,F,,,BAO_0000179,BAO_0000218,organism-based format,N#Cc1cccc(/C=C/C(=O)Nc2ccc3ncnc(Nc4ccc(F)c(Cl)c4)c3c2)c1,,,CHEMBL4665738,Bioorg Med Chem Lett,2020,,CHEMBL4754946,,CHEMBL4754946,,False,,3509326,>,1,True,>,,IC50,nM,,25000.0,CHEMBL4296578,Middle East respiratory syndrome-related coronavirus,Middle East respiratory syndrome-related coronavirus,1335626,,,IC50,uM,,,25.0
,22400723,"[{'comments': None, 'relation': '=', 'result_flag': 0, 'standard_relation': '=', 'standard_text_value': None, 'standard_type': 'TIME', 'standard_units': 'hr', 'standard_value': '24.0', 'text_value': None, 'type': 'Time', 'units': 'hrs', 'value': '24.0'}]",CHEMBL4669514,Antiviral activity against Middle East respiratory syndrome coronavirus MERS-CoV/KOR/KNIH/002_05_2015 infected in African green monkey Vero cells assessed as reduction in virus induced cytopathic effect after 24 hrs by immunofluorescence assay,F,,,BAO_0000179,BAO_0000218,organism-based format,COc1cc2ncnc(Nc3ccc(F)c(Cl)c3)c2cc1NCc1cccc(C#N)c1,,,CHEMBL4665738,Bioorg Med Chem Lett,2020,,CHEMBL4762362,,CHEMBL4762362,5.24,False,,3509327,=,1,True,=,,IC50,nM,,5800.0,CHEMBL4296578,Middle East respiratory syndrome-related coronavirus,Middle East respiratory syndrome-related coronavirus,1335626,,,IC50,uM,,,5.8
,22400724,"[{'comments': None, 'relation': '=', 'result_flag': 0, 'standard_relation': '=', 'standard_text_value': None, 'standard_type': 'TIME', 'standard_units': 'hr', 'standard_value': '24.0', 'text_value': None, 'type': 'Time', 'units': 'hrs', 'value': '24.0'}]",CHEMBL4669514,Antiviral activity against Middle East respiratory syndrome coronavirus MERS-CoV/KOR/KNIH/002_05_2015 infected in African green monkey Vero cells assessed as reduction in virus induced cytopathic effect after 24 hrs by immunofluorescence assay,F,,,BAO_0000179,BAO_0000218,organism-based format,N#Cc1cccc(CNc2cc3c(Nc4ccc(F)c(Cl)c4)ncnc3cc2O)c1,,,CHEMBL4665738,Bioorg Med Chem Lett,2020,,CHEMBL4779639,,CHEMBL4779639,,False,,3509328,>,1,True,>,,IC50,nM,,25000.0,CHEMBL4296578,Middle East respiratory syndrome-related coronavirus,Middle East respiratory syndrome-related coronavirus,1335626,,,IC50,uM,,,25.0
,22933873,[],CHEMBL4739114,Antiviral activity against MERS-CoV infected in African green monkey Vero cells assessed as inhibition of viral infection by measuring reduction in spike protein level by immunofluorescence microscopic analysis,F,,,BAO_0000179,BAO_0000218,organism-based format,O=c1[nH]c(Nc2cc(F)cc(F)c2)nc2cc(Cl)ccc12,,,CHEMBL4732249,Bioorg Med Chem Lett,2021,,CHEMBL4754320,,CHEMBL4754320,6.41,False,,3561001,=,1,True,=,,IC50,nM,,390.0,CHEMBL4296578,Middle East respiratory syndrome-related coronavirus,Middle East respiratory syndrome-related coronavirus,1335626,,,IC50,uM,,,0.39
,22933874,[],CHEMBL4739114,Antiviral activity against MERS-CoV infected in African green monkey Vero cells assessed as inhibition of viral infection by measuring reduction in spike protein level by immunofluorescence microscopic analysis,F,,,BAO_0000179,BAO_0000218,organism-based format,O=c1[nH]c(Nc2cc(Cl)cc(Cl)c2)nc2cc(Cl)ccc12,,,CHEMBL4732249,Bioorg Med Chem Lett,2021,,CHEMBL4741240,,CHEMBL4741240,6.03,False,,3561003,=,1,True,=,,IC50,nM,,930.0,CHEMBL4296578,Middle East respiratory syndrome-related coronavirus,Middle East respiratory syndrome-related coronavirus,1335626,,,IC50,uM,,,0.93
,22933875,[],CHEMBL4739114,Antiviral activity against MERS-CoV infected in African green monkey Vero cells assessed as inhibition of viral infection by measuring reduction in spike protein level by immunofluorescence microscopic analysis,F,,,BAO_0000179,BAO_0000218,organism-based format,O=c1[nH]c(Nc2cc(F)cc(F)c2)nc2cc(C(F)(F)F)ccc12,,,CHEMBL4732249,Bioorg Med Chem Lett,2021,,CHEMBL4743044,,CHEMBL4743044,6.14,False,,3561014,=,1,True,=,,IC50,nM,,730.0,CHEMBL4296578,Middle East respiratory syndrome-related coronavirus,Middle East respiratory syndrome-related coronavirus,1335626,,,IC50,uM,,,0.73
,22933876,[],CHEMBL4739114,Antiviral activity against MERS-CoV infected in African green monkey Vero cells assessed as inhibition of viral infection by measuring reduction in spike protein level by immunofluorescence microscopic analysis,F,,,BAO_0000179,BAO_0000218,organism-based format,O=c1[nH]c(Nc2cc(F)cc(F)c2)nc2cc([N+](=O)[O-])ccc12,,,CHEMBL4732249,Bioorg Med Chem Lett,2021,,CHEMBL4754588,,CHEMBL4754588,5.07,False,,3561015,=,1,True,=,,IC50,nM,,8500.0,CHEMBL4296578,Middle East respiratory syndrome-related coronavirus,Middle East respiratory syndrome-related coronavirus,1335626,,,IC50,uM,,,8.5
,22933877,[],CHEMBL4739114,Antiviral activity against MERS-CoV infected in African green monkey Vero cells assessed as inhibition of viral infection by measuring reduction in spike protein level by immunofluorescence microscopic analysis,F,,,BAO_0000179,BAO_0000218,organism-based format,O=c1[nH]c(Nc2cc(F)cc(F)c2)nc2cccc(O)c12,,,CHEMBL4732249,Bioorg Med Chem Lett,2021,,CHEMBL4747545,,CHEMBL4747545,5.96,False,,3561018,=,1,True,=,,IC50,nM,,1100.0,CHEMBL4296578,Middle East respiratory syndrome-related coronavirus,Middle East respiratory syndrome-related coronavirus,1335626,,,IC50,uM,,,1.1
,22933878,[],CHEMBL4739114,Antiviral activity against MERS-CoV infected in African green monkey Vero cells assessed as inhibition of viral infection by measuring reduction in spike protein level by immunofluorescence microscopic analysis,F,,,BAO_0000179,BAO_0000218,organism-based format,O=c1[nH]c(Nc2cc(F)cc(F)c2)nc2ccc(O)cc12,,,CHEMBL4732249,Bioorg Med Chem Lett,2021,,CHEMBL4799331,,CHEMBL4799331,5.51,False,,3561019,=,1,True,=,,IC50,nM,,3100.0,CHEMBL4296578,Middle East respiratory syndrome-related coronavirus,Middle East respiratory syndrome-related coronavirus,1335626,,,IC50,uM,,,3.1
,22933879,[],CHEMBL4739114,Antiviral activity against MERS-CoV infected in African green monkey Vero cells assessed as inhibition of viral infection by measuring reduction in spike protein level by immunofluorescence microscopic analysis,F,,,BAO_0000179,BAO_0000218,organism-based format,O=c1[nH]c(Nc2cc(F)cc(F)c2)nc2c(Cl)ccc(Cl)c12,,,CHEMBL4732249,Bioorg Med Chem Lett,2021,,CHEMBL4760783,,CHEMBL4760783,6.10,False,,3561022,=,1,True,=,,IC50,nM,,790.0,CHEMBL4296578,Middle East respiratory syndrome-related coronavirus,Middle East respiratory syndrome-related coronavirus,1335626,,,IC50,uM,,,0.79
,22933880,[],CHEMBL4739114,Antiviral activity against MERS-CoV infected in African green monkey Vero cells assessed as inhibition of viral infection by measuring reduction in spike protein level by immunofluorescence microscopic analysis,F,,,BAO_0000179,BAO_0000218,organism-based format,O=c1[nH]c(Nc2cc(F)cc(F)c2)nc2c(Cl)c(Cl)ccc12,,,CHEMBL4732249,Bioorg Med Chem Lett,2021,,CHEMBL4752849,,CHEMBL4752849,6.08,False,,3561023,=,1,True,=,,IC50,nM,,830.0,CHEMBL4296578,Middle East respiratory syndrome-related coronavirus,Middle East respiratory syndrome-related coronavirus,1335626,,,IC50,uM,,,0.83
,22933881,[],CHEMBL4739114,Antiviral activity against MERS-CoV infected in African green monkey Vero cells assessed as inhibition of viral infection by measuring reduction in spike protein level by immunofluorescence microscopic analysis,F,,,BAO_0000179,BAO_0000218,organism-based format,O=c1[nH]c(Nc2cc(Cl)cc(Cl)c2)nc2cc(C(F)(F)F)ccc12,,,CHEMBL4732249,Bioorg Med Chem Lett,2021,,CHEMBL4743584,,CHEMBL4743584,6.02,False,,3561024,=,1,True,=,,IC50,nM,,960.0,CHEMBL4296578,Middle East respiratory syndrome-related coronavirus,Middle East respiratory syndrome-related coronavirus,1335626,,,IC50,uM,,,0.96
,22933882,[],CHEMBL4739114,Antiviral activity against MERS-CoV infected in African green monkey Vero cells assessed as inhibition of viral infection by measuring reduction in spike protein level by immunofluorescence microscopic analysis,F,,,BAO_0000179,BAO_0000218,organism-based format,O=c1[nH]c(Nc2cc(Cl)cc(Cl)c2)nc2cc([N+](=O)[O-])ccc12,,,CHEMBL4732249,Bioorg Med Chem Lett,2021,,CHEMBL4748808,,CHEMBL4748808,,False,,3561025,>,1,True,>,,IC50,nM,,25000.0,CHEMBL4296578,Middle East respiratory syndrome-related coronavirus,Middle East respiratory syndrome-related coronavirus,1335626,,,IC50,uM,,,25.0
,22933883,[],CHEMBL4739114,Antiviral activity against MERS-CoV infected in African green monkey Vero cells assessed as inhibition of viral infection by measuring reduction in spike protein level by immunofluorescence microscopic analysis,F,,,BAO_0000179,BAO_0000218,organism-based format,O=c1[nH]c(Nc2cc(Cl)cc(Cl)c2)nc2cccc(O)c12,,,CHEMBL4732249,Bioorg Med Chem Lett,2021,,CHEMBL4761264,,CHEMBL4761264,5.99,False,,3561028,=,1,True,=,,IC50,nM,,1020.0,CHEMBL4296578,Middle East respiratory syndrome-related coronavirus,Middle East respiratory syndrome-related coronavirus,1335626,,,IC50,uM,,,1.02
,22933884,[],CHEMBL4739114,Antiviral activity against MERS-CoV infected in African green monkey Vero cells assessed as inhibition of viral infection by measuring reduction in spike protein level by immunofluorescence microscopic analysis,F,,,BAO_0000179,BAO_0000218,organism-based format,O=c1[nH]c(Nc2cc(Cl)cc(Cl)c2)nc2c(O)cccc12,,,CHEMBL4732249,Bioorg Med Chem Lett,2021,,CHEMBL4747782,,CHEMBL4747782,5.77,False,,3561029,=,1,True,=,,IC50,nM,,1700.0,CHEMBL4296578,Middle East respiratory syndrome-related coronavirus,Middle East respiratory syndrome-related coronavirus,1335626,,,IC50,uM,,,1.7
,22933885,[],CHEMBL4739114,Antiviral activity against MERS-CoV infected in African green monkey Vero cells assessed as inhibition of viral infection by measuring reduction in spike protein level by immunofluorescence microscopic analysis,F,,,BAO_0000179,BAO_0000218,organism-based format,O=c1[nH]c(Nc2cc(Cl)cc(Cl)c2)nc2c(Cl)ccc(Cl)c12,,,CHEMBL4732249,Bioorg Med Chem Lett,2021,,CHEMBL4785508,,CHEMBL4785508,6.21,False,,3561032,=,1,True,=,,IC50,nM,,620.0,CHEMBL4296578,Middle East respiratory syndrome-related coronavirus,Middle East respiratory syndrome-related coronavirus,1335626,,,IC50,uM,,,0.62
,22933886,[],CHEMBL4739114,Antiviral activity against MERS-CoV infected in African green monkey Vero cells assessed as inhibition of viral infection by measuring reduction in spike protein level by immunofluorescence microscopic analysis,F,,,BAO_0000179,BAO_0000218,organism-based format,O=c1[nH]c(Nc2cc(Cl)cc(Cl)c2)nc2c(Cl)c(Cl)ccc12,,,CHEMBL4732249,Bioorg Med Chem Lett,2021,,CHEMBL4799890,,CHEMBL4799890,6.06,False,,3561033,=,1,True,=,,IC50,nM,,880.0,CHEMBL4296578,Middle East respiratory syndrome-related coronavirus,Middle East respiratory syndrome-related coronavirus,1335626,,,IC50,uM,,,0.88
